Good Historical Fiction books,book_recommendations
good Fantasy  books,book_recommendations
Good Science Fiction,book_recommendations
Good Realistic Fiction books,book_recommendations
Good Dystopia Fiction books,book_recommendations
Good Psychology books,book_recommendations
Good Memoir books,book_recommendations
Good Horror books,book_recommendations
Good Mystery books,book_recommendations
Recommend good books for Kids,book_recommendations
Recommend good books for Young Adult,book_recommendations
Recommend good books for Short Stories,book_recommendations
Recommend good books for Historical Fiction,book_recommendations
Recommend good books for Fantasy,book_recommendations
Recommend good books for Science Fiction,book_recommendations
Recommend good books for Realistic Fiction,book_recommendations
Recommend good books for Dystopia Fiction,book_recommendations
Recommend good books for Psychology,book_recommendations
Recommend good books for Memoir,book_recommendations
Recommend good books for Horror,book_recommendations
Recommend good books for Mystery,book_recommendations
Book recommendations for Kids,book_recommendations
Book recommendations for Young Adult,book_recommendations
Book recommendations for Short Stories,book_recommendations
Book recommendations for Historical Fiction,book_recommendations
Book recommendations for Fantasy,book_recommendations
Book recommendations for Science Fiction,book_recommendations
Book recommendations for Realistic Fiction,book_recommendations
Book recommendations for Dystopia Fiction,book_recommendations
Book recommendations for Fiction,book_recommendations
Book recommendations for Psychology,book_recommendations
Book recommendations for Memoir,book_recommendations
Book recommendations for Horror,book_recommendations
Book recommendations for Mystery,book_recommendations
Recommend good books for biography,book_recommendations
Recommend good biography based books.,book_recommendations
Good biography books,book_recommendations
Book recommendations for Biographies,book_recommendations
Good Kids books,book_recommendations
Book recommendations for Biography,book_recommendations
Good Young Adult books,book_recommendations
Good Short Stories books,book_recommendations
hey,Greeting
hello,Greeting
hi,Greeting
Thank you,ThankYou
Thanks,ThankYou
Thanku,ThankYou
